Test_Index,Predicted_Probability
1,0.4841241171685116
2,0.3792512657611285
3,0.8235061922112623
4,0.5491505351564706
5,0.3160665902752047
6,0.3137094849948002
7,0.4610214478694982
8,0.3166595591178336
9,0.5439930144349342
10,0.534563880987998
11,0.8235061922112623
12,0.47653235254777204
13,0.34752819549010056
14,0.5858303687535672
15,0.28590339186441843
16,0.44721207866381363
17,0.5474044350882963
18,0.5204794827192615
19,0.3609296253952517
20,0.5791110483119913
21,0.5575772161938306
22,0.7354801960474732
23,0.5551687642376192
24,0.6461628273829043
25,0.2809443236424588
26,0.36285129383607473
27,0.66056801259479
28,0.5740112565493752
29,0.5386144481034465
30,0.5716776025582458
31,0.7926304386507769
32,0.3125267132788318
33,0.596205334080671
34,0.3487793686411594
35,0.3385485552627161
36,0.45469155574284004
